Workbook

Sheet Similarity
A1: Scores | B1: S1 | C1: S2 | D1: S3 | E1: S4 | F1: S5
A2: S1 | B2: - | C2: 0.5348 | D2: 0.394 | E2: 0.3916 | F2: 0.3574
A3: S2 | B3: - | C3: - | D3: 0.3603 | E3: 0.4274 | F3: 0.4118
A4: S3 | B4: - | C4: - | D4: - | E4: 0.3328 | F4: 0.2905
A5: S4 | B5: - | C5: - | D5: - | E5: - | F5: 0.4026
A6: S5 | B6: - | C6: - | D6: - | E6: - | F6: -
A8: Score: | B8: CosineDistance(Sentence A, Sentence B)
A9: Meaning: | B9: Semantic distance between 2 sentences

Sheet Chunk Scores
A1: Scores | B1: S1 | C1: S2 | D1: S3 | E1: S4 | F1: S5
A2: S1 | B2: 0 | C2: =AVERAGE(Similarity!B2:C3)-(1*$B$8) -> 0.4348 | D2: =AVERAGE(Similarity!B2:D4)-(2*$B$8) -> 0.2297 | E2: =AVERAGE(Similarity!B2:E5)-(3*$B$8) -> 0.10681667 | F2: =AVERAGE(Similarity!B2:F5)-(4*$B$8) -> -0.00968
A3: S2 | B3: - | C3: 0 | D3: =AVERAGE(Similarity!C3:D3)-(1*$B$8) -> 0.2603 | E3: =AVERAGE(Similarity!C3:E4)-(2*$B$8) -> 0.1735 | F3: =AVERAGE(Similarity!C3:F5)-(3*$B$8) -> 0.0709
A4: S3 | B4: - | C4: - | D4: 0 | E4: =AVERAGE(Similarity!D4:E4)-(1*$B$8) -> 0.2328 | F4: =AVERAGE(Similarity!D4:F5)-(2*$B$8) -> 0.14196667
A5: S4 | B5: - | C5: - | D5: - | E5: 0 | F5: =AVERAGE(Similarity!E5:F5)-(1*$B$8) -> 0.3026
A6: S5 | B6: - | C6: - | D6: - | E6: - | F6: 0
A8: Size Penalty: | B8: 0.1
A9: Formula: | B9: Avg(Similarity(i..j)) - (0.1 * (chunksize - 1))

Sheet Grid
A1: J \ I | B1: 5 | C1: 4 | D1: 3 | E1: 2 | F1: 1
A2: 1 | B2: 0 | C2: 0 | D2: 0 | E2: 0
A3: 2 | B3: 0 | C3: 0 | D3: 0
A4: 3 | B4: 0 | C4: 0
A5: 4 | B5: 0
A6: 5
A7: Best Val | B7: =MAX(B2:B6) -> 0 | C7: =MAX(C2:C6) -> 0 | D7: =MAX(D2:D6) -> 0 | E7: =MAX(E2:E6) -> 0 | F7: =MAX(F2:F6) -> 0
A8: Best End | B8: 0 | C8: 0 | D8: 0 | E8: 0 | F8: 0
A10: Exercise: | B10: Fill-in the yellow fields with the Memoization values
A11: Top Row (I): | B11: The sentence the chunk starts with
A12: Left Column (J): | B12: The sentences included in the chunk
A13: Best Val: | B13: Max score achievable from that point on
A14: Best End: | B14: The ending sentence in the best chunk for that starting point
A15: Cell Strategy: | B15: Max of the value for that sentence + the best downstream
A16: Objective: | B16: Maximize Total Score

Sheet Completed Grid
A1: J \ I | B1: 5 | C1: 4 | D1: 3 | E1: 2 | F1: 1
A2: 1 | B2: 0 | C2: 0 | D2: 0 | E2: 0 | F2: =0+E7 -> 0.5629
A3: 2 | B3: 0 | C3: 0 | D3: 0 | E3: =0+D7 -> 0.3026 | F3: ='Chunk Scores'!C2+D7 -> 0.7374
A4: 3 | B4: 0 | C4: 0 | D4: =0+C7 -> 0.3026 | E4: ='Chunk Scores'!D3+C7 -> 0.5629 | F4: ='Chunk Scores'!D2+C7 -> 0.5323
A5: 4 | B5: 0 | C5: =0+B7 -> 0 | D5: ='Chunk Scores'!E4+B7 -> 0.2328 | E5: ='Chunk Scores'!E3+B7 -> 0.1735 | F5: ='Chunk Scores'!E2+B7 -> 0.10681667
A6: 5 | B6: 0 | C6: =B7+'Chunk Scores'!F5 -> 0.3026 | D6: ='Chunk Scores'!F4 -> 0.14196667 | E6: ='Chunk Scores'!F3 -> 0.0709 | F6: ='Chunk Scores'!F2 -> -0.00968
A7: Best Val | B7: =MAX(B2:B6) -> 0 | C7: =MAX(C2:C6) -> 0.3026 | D7: =MAX(D2:D6) -> 0.3026 | E7: =MAX(E2:E6) -> 0.5629 | F7: =MAX(F2:F6) -> 0.7374
A8: Best End | B8: 5 | C8: 5 | D8: 3 | E8: 3 | F8: 2
A10: Exercise: | B10: Fill-in the yellow fields with the Memoization values
A11: Top Row (I): | B11: The sentence the chunk starts with
A12: Left Column (J): | B12: The sentences included in the chunk
A13: Best Val: | B13: Max score achievable from that point on
A14: Best End: | B14: The ending sentence in the best chunk for that starting point
A15: Cell Strategy: | B15: Max of the value for that sentence + the best downstream
A16: Objective: | B16: Maximize Total Score
